dataset,LightGBM_inference_time_per_sample_ms,LightGBM_rmse,LightGBM_train_time_sec,Random Forest_inference_time_per_sample_ms,Random Forest_rmse,Random Forest_train_time_sec,XGBoost_inference_time_per_sample_ms,XGBoost_rmse,XGBoost_train_time_sec
appliances_energy,0.0032929440080817,64.421958079335,2.357180082999548,0.0199002406888543,63.501527223095735,5.4208482909998565,0.0012911598678937,68.08560357419547,0.8909410000014759
bike_sharing,0.0068891700584881,671.9474867545061,0.5374178340025537,0.0983653605426978,688.4155544523147,0.1270387080003274,0.0070325918541191,652.5629519441017,0.1771050409988674
