dataset,LightGBM_accuracy,LightGBM_auc_roc,LightGBM_inference_time_per_sample_ms,LightGBM_train_time_sec,Random Forest_accuracy,Random Forest_auc_roc,Random Forest_inference_time_per_sample_ms,Random Forest_train_time_sec,XGBoost_accuracy,XGBoost_auc_roc,XGBoost_inference_time_per_sample_ms,XGBoost_train_time_sec
divorce,0.9411764705882352,0.9965397923875432,0.0227953529675313,0.0970872920006513,0.9411764705882352,0.9896193771626296,0.4369975587692084,0.1406063750000612,0.9411764705882352,0.9965397923875432,0.064430147069609,0.1295294999981706
german_credit,0.75,0.7691666666666667,0.0126283300050999,3.0357972080018953,0.765,0.8066666666666668,0.0753895849993568,0.1945577920014329,0.755,0.7976190476190476,0.0116200000047683,0.6854425410019758
wine,1.0,1.0,0.0305335833117068,0.440213166999456,1.0,1.0,0.4115694444206181,0.1381032499994035,1.0,1.0,0.0356203611065413,0.4906640419976611
